Dates,Volatility
2017-01-02,3.926981756899169e-06
2017-01-03,5.540861666597909e-06
2017-01-04,2.280700360444659e-06
2017-01-05,1.6778507702447942e-06
2017-01-06,2.8180463649978785e-06
2017-01-09,1.95506542296782e-06
2017-01-10,2.176791134634802e-06
2017-01-11,2.1327087057449647e-06
2017-01-12,9.319539842634017e-07
2017-01-13,1.2435952662896374e-06
2017-01-16,8.13656648822776e-07
2017-01-17,2.1429847894123113e-06
2017-01-18,1.2095561722830637e-06
2017-01-19,1.2448009854844836e-06
2017-01-20,1.2248582321865889e-06
2017-01-23,1.1094471080316148e-06
2017-01-24,1.4216401441383955e-06
2017-01-25,6.763413552782093e-07
2017-01-26,6.478852392960765e-07
2017-01-27,1.5910402923461423e-06
2017-01-30,1.1171068166337482e-06
2017-01-31,1.6246479106731286e-06
2017-02-01,1.5346074845584356e-06
2017-02-02,1.1959325846504327e-06
2017-02-03,7.761327646761564e-07
2017-02-06,7.683048892617341e-07
2017-02-07,7.557427469845987e-07
2017-02-08,1.0965815978281713e-06
2017-02-09,6.870256847348211e-07
2017-02-10,5.758677467555308e-07
2017-02-13,7.094726969574459e-07
2017-02-14,7.635212147764807e-07
2017-02-15,5.462616562984035e-07
2017-02-16,1.1710076082073972e-06
2017-02-17,1.9008673873885438e-06
2017-02-20,1.4367073172530518e-06
2017-02-21,2.494515778787062e-06
2017-02-22,1.1586314416635606e-06
2017-02-23,1.9446894578322683e-06
2017-02-24,2.5671023237747438e-06
2017-02-27,2.1404605386775136e-06
2017-02-28,1.3487267482017232e-06
2017-03-01,1.5507258992399497e-06
2017-03-02,3.4529297365561957e-07
2017-03-03,3.2040743690751815e-07
2017-03-06,3.179297812252104e-07
2017-03-07,2.9420425415291184e-07
2017-03-08,2.4177506048171236e-07
2017-03-09,6.782095212404051e-07
2017-03-10,6.02560647891109e-07
2017-03-13,3.6583626065593727e-07
2017-03-14,3.43539198477467e-07
2017-03-15,4.425127639726007e-07
2017-03-16,2.459409924741746e-07
2017-03-17,4.170517194916638e-07
2017-03-20,3.418053756470331e-07
2017-03-21,2.3381707374260724e-07
2017-03-22,2.1348143235893078e-06
2017-03-23,6.787664369263894e-07
2017-03-24,6.036759804289654e-07
2017-03-27,7.141291264326575e-07
2017-03-28,7.755343595860971e-07
2017-03-29,5.028429884895459e-07
2017-03-30,4.234270927671138e-07
2017-03-31,3.783305422455695e-07
2017-04-03,5.396448641256508e-07
2017-04-04,1.1277306832822316e-06
2017-04-05,6.169877839657061e-07
2017-04-06,8.703522862152392e-07
2017-04-07,4.5737894470991935e-07
2017-04-10,5.635947577719921e-07
2017-04-11,1.2835561919182276e-06
2017-04-12,1.0335555877759977e-06
2017-04-13,1.3985001113100883e-06
2017-04-14,1.6167823299939674e-06
2017-04-17,1.859811710558675e-06
2017-04-18,4.121081985619221e-07
2017-04-19,9.32623036951888e-07
2017-04-20,6.382862139099027e-07
2017-04-21,6.295128877125739e-07
2017-04-24,7.302858705179771e-07
2017-04-25,6.213335280734394e-07
2017-04-26,6.429485694473141e-07
2017-04-27,9.0885753140296e-07
2017-04-28,4.794491268174535e-07
2017-05-01,5.398923248917807e-07
2017-05-02,4.951099245311849e-07
2017-05-03,8.292419616122024e-07
2017-05-04,1.0464568857333557e-06
2017-05-05,8.368108914413276e-07
2017-05-08,9.687490664204865e-07
2017-05-09,8.062222504118907e-07
2017-05-10,1.062099172384351e-06
2017-05-11,1.102079463921389e-06
2017-05-12,1.2122243391202047e-06
2017-05-15,9.715340340200316e-07
2017-05-16,5.060413577887755e-07
2017-05-17,8.437649384044732e-07
2017-05-18,5.286945896198655e-06
2017-05-19,1.9856474832557265e-06
2017-05-22,1.3881047543337807e-06
2017-05-23,1.0594350988803127e-06
2017-05-24,1.2498601712177437e-06
2017-05-25,1.0174587217379297e-06
2017-05-26,1.5426812560154942e-06
2017-05-29,9.002256434453668e-07
2017-05-30,1.2741542494754347e-06
2017-05-31,1.3713838736406226e-06
2017-06-01,1.2471412631669563e-06
2017-06-02,5.203471481463082e-07
2017-06-05,8.746995549096043e-07
2017-06-06,5.901460502127967e-07
2017-06-07,1.0051558068674144e-06
2017-06-08,7.601775667984741e-07
2017-06-09,5.910111390461196e-07
2017-06-12,7.438284983485574e-07
2017-06-13,5.068160820297157e-07
2017-06-14,5.589009070170766e-07
2017-06-15,8.015001147455698e-07
2017-06-16,1.574552857107445e-06
2017-06-19,1.1558584799200068e-06
2017-06-20,1.0100147615511503e-06
2017-06-21,1.472241833776193e-06
2017-06-22,1.4508285750398183e-06
2017-06-23,1.0658051476967796e-06
2017-06-26,1.2745628206217642e-06
2017-06-27,1.3020962992046942e-06
2017-06-28,1.7623559534496638e-06
2017-06-29,1.2897357911569597e-06
2017-06-30,1.927431916034875e-06
2017-07-03,1.448943804989427e-06
2017-07-04,6.064759578130938e-07
2017-07-05,1.047350539422213e-06
2017-07-06,1.1894083322082066e-06
2017-07-07,8.5367621628319e-07
2017-07-10,6.258643787539727e-07
2017-07-11,5.478024257961198e-07
2017-07-12,9.161082987323026e-07
2017-07-13,5.880804482921357e-07
2017-07-14,5.98469746591337e-07
2017-07-17,4.3496844283852984e-07
2017-07-18,2.6886164188398466e-07
2017-07-19,6.623493669199245e-07
2017-07-20,3.201452194820923e-07
2017-07-21,6.083847084456637e-07
2017-07-24,4.42962170790024e-07
2017-07-25,4.2830188825957273e-07
2017-07-26,4.213836027868349e-07
2017-07-27,3.4350577275901786e-07
2017-07-28,5.119812548949907e-07
2017-07-31,3.354304342593664e-07
2017-08-01,4.3284239961916136e-07
2017-08-02,5.06580432576532e-07
2017-08-03,6.816473742049554e-07
2017-08-04,6.275306756798018e-07
2017-08-07,1.025014438533844e-06
2017-08-08,5.183163545496866e-07
2017-08-09,1.4223634396237785e-06
2017-08-10,5.829435293838515e-07
2017-08-11,2.5603783309999703e-06
2017-08-14,1.7362067638550752e-06
2017-08-15,9.124652819083221e-07
2017-08-16,2.167064851425619e-06
2017-08-17,2.8138545168579356e-06
2017-08-18,7.325593756423163e-06
2017-08-21,5.491485505744418e-06
2017-08-22,3.2705873277316357e-06
2017-08-23,2.43053888006072e-06
2017-08-24,4.113168870547788e-06
2017-08-25,2.822450622091632e-06
2017-08-28,2.7896053068900016e-06
2017-08-29,2.0670303270783953e-06
2017-08-30,3.7946233568236642e-06
2017-08-31,1.399720527390684e-06
2017-09-01,1.8829144622047602e-06
2017-09-04,1.0407460910593595e-06
2017-09-05,2.07376243532951e-06
2017-09-06,2.576925101638501e-06
2017-09-07,1.4622815368342829e-06
2017-09-08,1.5976095621749664e-06
2017-09-11,1.3328637817077337e-06
2017-09-12,1.8259123893879291e-06
2017-09-13,9.938681566963335e-07
2017-09-14,1.0150753319301921e-06
2017-09-15,1.1928816108940156e-06
2017-09-18,9.309697165413503e-07
2017-09-19,5.522876683131525e-07
2017-09-20,5.5029245575105e-07
2017-09-21,4.3711610052013e-07
2017-09-22,3.537807387603203e-07
2017-09-25,3.0980321135339494e-07
2017-09-26,6.527263762451636e-07
2017-09-27,3.1608730349515506e-07
2017-09-28,3.375851363096721e-07
2017-09-29,2.1889333843333764e-07
2017-10-02,3.643771957240639e-07
2017-10-03,1.1509689687512304e-07
2017-10-04,1.1792539705015912e-07
2017-10-05,6.947670877536735e-07
2017-10-06,5.71887507904259e-07
2017-10-09,5.505964324588128e-07
2017-10-10,5.36376635844329e-07
2017-10-11,9.306035466230177e-07
2017-10-12,4.10979215772059e-07
2017-10-13,4.278691051411725e-07
2017-10-16,4.167345079935764e-07
2017-10-17,5.272805346144988e-07
2017-10-18,6.819742774286772e-07
2017-10-19,1.163283179610986e-06
2017-10-20,1.7811435021767438e-06
2017-10-23,1.0397773532176787e-06
2017-10-24,1.3010899436528932e-06
2017-10-25,1.2108417568756675e-06
2017-10-26,2.7429042594844435e-06
2017-10-27,1.3256351096996052e-06
2017-10-30,1.2783911374015773e-06
2017-10-31,1.48243972655517e-06
2017-11-01,1.1269550356784806e-06
2017-11-02,1.9508399466821185e-06
2017-11-03,2.439325913920337e-06
2017-11-06,1.4750612214840265e-06
2017-11-07,1.303186201556691e-06
2017-11-08,1.6841940808014846e-06
2017-11-09,1.6084380500432386e-06
2017-11-10,2.498187087778139e-06
2017-11-13,1.5107952149773623e-06
2017-11-14,2.043500438019414e-06
2017-11-15,2.683836530571884e-06
2017-11-16,1.8998054491285074e-06
2017-11-17,1.3426270681266892e-06
2017-11-20,1.7042149979134677e-06
2017-11-21,1.5181085138809498e-06
2017-11-22,1.1059674713861595e-06
2017-11-23,1.1857506911653435e-06
2017-11-24,1.4632083113571248e-06
2017-11-27,9.90647044794443e-07
2017-11-28,1.7971404616513601e-06
2017-11-29,1.1719215275319356e-06
2017-11-30,1.394811629527025e-06
2017-12-01,1.2522422640127055e-06
2017-12-04,7.290527644922962e-07
2017-12-05,6.098918713946555e-07
2017-12-06,7.857678351186819e-07
2017-12-07,7.585286725948667e-07
2017-12-08,4.3043970250012077e-07
2017-12-11,1.8551444015796356e-07
2017-12-12,7.645376510205351e-07
2017-12-13,4.6133445294944576e-07
2017-12-14,7.634445885810735e-07
2017-12-15,4.881118770690561e-07
2017-12-18,5.131792096648612e-07
2017-12-19,4.6748396606829075e-07
2017-12-20,6.090869289561126e-07
2017-12-21,5.875257692098885e-07
2017-12-22,4.1497352810959955e-07
2017-12-25,3.688276149081405e-07
2017-12-26,6.46675167837107e-07
2017-12-27,3.8264048219308057e-07
2017-12-28,6.484893111667174e-07
2017-12-29,2.9076076967983735e-07
2018-01-01,7.520115956800393e-07
2018-01-02,6.902804733665966e-07
2018-01-03,3.1547657838807946e-07
2018-01-04,4.027411852511042e-07
2018-01-05,4.3196080326040695e-07
2018-01-08,3.765226059039212e-07
2018-01-09,4.636372399862792e-07
2018-01-10,5.910821140994706e-07
2018-01-11,1.0390215278996532e-06
2018-01-12,8.050667632176107e-07
2018-01-15,1.0998270763545583e-06
2018-01-16,1.6804253692590697e-06
2018-01-17,1.6233231767960212e-06
2018-01-18,1.3663470398133069e-06
2018-01-19,1.4168672248801003e-06
2018-01-22,1.3087094532922005e-06
2018-01-23,1.3117362741484262e-06
2018-01-24,1.51501317354073e-06
2018-01-25,4.4414737130684915e-06
2018-01-26,4.479725872790672e-06
2018-01-29,3.047723302754578e-06
2018-01-30,7.599964723003277e-06
2018-01-31,1.2571044126547917e-05
2018-02-01,7.340976142090325e-06
2018-02-02,1.1039912219634034e-05
2018-02-05,2.6128887857160196e-05
2018-02-06,0.013410623615019131
2018-02-07,0.0014781309296994613
2018-02-08,0.00036689827457715815
2018-02-09,0.0019174813683411947
2018-02-12,0.0006344729146843552
2018-02-13,0.00018092538460720765
2018-02-14,0.00015600773141835663
2018-02-15,3.886404995379826e-05
2018-02-16,3.198010338742358e-05
2018-02-19,4.152239143990296e-05
2018-02-20,4.9279334138461956e-05
2018-02-21,4.355166080343921e-05
2018-02-22,1.2320535557622803e-05
2018-02-23,8.969623412047435e-06
2018-02-26,6.277108734973473e-06
2018-02-27,6.099968385958199e-06
2018-02-28,1.1630537210085246e-05
2018-03-01,1.4175518781397363e-05
2018-03-02,1.1787639487801421e-05
2018-03-05,6.234431937005529e-06
2018-03-06,4.313882163717526e-06
2018-03-07,3.922329418394032e-06
2018-03-08,9.943327170938542e-06
2018-03-09,4.989078288425271e-06
2018-03-12,2.7898503110264995e-06
2018-03-13,5.475207855281541e-06
2018-03-14,5.262666556961076e-06
2018-03-15,6.185462268929264e-06
2018-03-16,5.790825828587211e-06
2018-03-19,6.089037697613168e-06
2018-03-20,1.1099122965080258e-05
2018-03-21,1.0711175459085562e-05
2018-03-22,6.083059813360343e-06
2018-03-23,1.5003020746940832e-05
2018-03-26,2.1088916366077663e-05
2018-03-27,6.799174952947581e-06
2018-03-28,1.110312102517151e-05
2018-03-29,1.930916381555575e-05
2018-03-30,6.205246834368254e-06
2018-04-02,1.3432856579127784e-05
2018-04-03,2.9320408619986484e-05
2018-04-04,1.542082698879703e-05
2018-04-05,1.809659659787556e-05
2018-04-06,1.5031363048946665e-05
2018-04-09,3.339582329552671e-05
2018-04-10,3.629286701151588e-05
2018-04-11,2.4394569389218162e-05
2018-04-12,3.237350884561849e-05
2018-04-13,1.4620313639183907e-05
2018-04-16,1.1300864805998162e-05
2018-04-17,5.9361838187211405e-06
2018-04-18,4.752104653718421e-06
2018-04-19,8.881719642410262e-06
2018-04-20,1.1498741422105028e-05
2018-04-23,1.5852429938312355e-05
2018-04-24,1.8150281122502204e-05
2018-04-25,1.183967594707252e-05
2018-04-26,1.747526097463876e-05
2018-04-27,8.15554026188916e-06
2018-04-30,8.644218708630081e-06
2018-05-01,8.413443980015755e-06
2018-05-02,1.0649267247792963e-05
2018-05-03,1.612865138541963e-05
2018-05-04,2.4089233879393312e-05
2018-05-07,8.731983792927e-06
2018-05-08,9.601632992236194e-06
2018-05-09,1.8749156227102977e-05
2018-05-10,9.45357229775919e-06
2018-05-11,9.189272509810002e-06
2018-05-14,5.934265737654984e-06
2018-05-15,8.500031098054956e-06
2018-05-16,1.198088214632224e-05
2018-05-17,5.279158140846255e-06
2018-05-18,6.728599707887966e-06
2018-05-21,1.3432519209850657e-05
2018-05-22,1.2328498776933341e-05
2018-05-23,1.624437398530711e-05
2018-05-24,1.3708255670628159e-05
2018-05-25,5.550363574640971e-06
2018-05-28,5.209560640001072e-06
2018-05-29,1.4841159751435898e-05
2018-05-30,1.0942147176328978e-05
2018-05-31,1.258366960839042e-05
2018-06-01,1.1477842393616175e-05
2018-06-04,9.113802534518296e-06
2018-06-05,1.0235961104462832e-05
2018-06-06,8.018818727904742e-06
2018-06-07,6.66429475027095e-06
2018-06-08,1.5704997459906166e-05
2018-06-11,7.892967524859392e-06
2018-06-12,1.3703187444156631e-05
2018-06-13,1.2809852485031211e-05
2018-06-14,6.174962227382914e-06
2018-06-15,1.6344109419908504e-06
2018-06-18,5.103471685714164e-06
2018-06-19,6.520006931224052e-06
2018-06-20,9.508851339746981e-06
2018-06-21,3.801835484939612e-06
2018-06-22,3.5916294235472974e-06
2018-06-25,3.480582373259373e-06
2018-06-26,1.3941761038405019e-05
2018-06-27,1.177396845831796e-05
2018-06-28,2.9005277851790767e-05
2018-06-29,1.2364152524111097e-05
2018-07-02,1.2162853226167822e-05
2018-07-03,1.168007772070416e-05
2018-07-04,2.384871283177043e-05
2018-07-05,3.738359855861842e-05
2018-07-06,8.550426432227298e-06
2018-07-09,5.779500340677104e-06
2018-07-10,6.568649165916161e-06
2018-07-11,5.47784137464054e-06
2018-07-12,8.898468801623969e-06
2018-07-13,4.036410335074376e-06
2018-07-16,4.477688643812666e-06
2018-07-17,5.307656861867209e-06
2018-07-18,5.264974322613997e-06
2018-07-19,7.86984899576004e-06
2018-07-20,7.604346975745036e-06
2018-07-23,5.572717675442062e-06
2018-07-24,7.82973238482283e-06
2018-07-25,3.7487372561758824e-06
2018-07-26,6.698341852357117e-06
2018-07-27,2.0644118558256515e-05
2018-07-30,2.267810524702103e-05
2018-07-31,3.284338319443164e-05
2018-08-01,6.739939453727701e-06
2018-08-02,1.7883225429573173e-05
2018-08-03,1.1793674943476496e-05
2018-08-06,4.104396849024958e-06
2018-08-07,7.723661204828125e-06
2018-08-08,5.087061655210738e-06
2018-08-09,1.420977312378796e-05
2018-08-10,7.1659841180603425e-06
2018-08-13,6.707380174102778e-06
2018-08-14,6.8085760686789565e-06
2018-08-15,5.358219809989593e-06
2018-08-16,1.559261284056747e-05
2018-08-17,4.906391920102448e-06
2018-08-20,4.564185220546601e-06
2018-08-21,6.003435948052323e-06
2018-08-22,1.2233651785006109e-05
2018-08-23,9.789580752689901e-06
2018-08-24,5.374330669791697e-06
2018-08-27,3.3027608877560824e-06
2018-08-28,4.390495020471187e-06
2018-08-29,6.187461700680399e-06
2018-08-30,6.972384956044779e-06
2018-08-31,8.890563783649075e-06
2018-09-03,1.1645465087964517e-05
2018-09-04,1.1278118619822377e-05
2018-09-05,4.2638816861095965e-06
2018-09-06,3.3188567298286288e-06
2018-09-07,6.568443437841718e-06
2018-09-10,1.1839754659427896e-05
2018-09-11,4.018409258784446e-06
2018-09-12,3.1455596910279817e-06
2018-09-13,4.697656887395851e-06
2018-09-14,1.5867578959186687e-06
2018-09-17,4.707998295107619e-06
2018-09-18,6.541108116011302e-06
2018-09-19,7.460198827973919e-06
2018-09-20,3.61401354744863e-06
2018-09-21,3.388214232845344e-06
2018-09-24,5.154440150514701e-06
2018-09-25,4.131358587566461e-06
2018-09-26,6.110251177105503e-06
2018-09-27,2.8114217232214403e-06
2018-09-28,3.0463284117177175e-06
2018-10-01,1.2600754910757778e-05
2018-10-02,5.100297044055587e-06
2018-10-03,3.5634916494189623e-06
2018-10-04,4.796590062486971e-06
2018-10-05,1.1162105967581302e-05
2018-10-08,3.947704917852121e-05
2018-10-09,4.476095587485955e-05
2018-10-10,5.8902403591852314e-05
2018-10-11,0.00027318901235722805
2018-10-12,0.0004947027147580192
2018-10-15,9.934023066382224e-05
2018-10-16,7.307491400528648e-05
2018-10-17,1.2924056215617736e-05
2018-10-18,4.52626418362337e-05
2018-10-19,6.254119368816912e-05
2018-10-22,5.1607652347617076e-05
2018-10-23,8.379246250324386e-05
2018-10-24,8.355566180777842e-05
2018-10-25,0.0001810398443736438
2018-10-26,0.00010843658338617361
2018-10-29,0.00013600148756334095
2018-10-30,0.0001716960631227952
2018-10-31,0.00010408714438310537
2018-11-01,2.879608111624871e-05
2018-11-02,3.02610395342538e-05
2018-11-05,5.133632205378003e-05
2018-11-06,6.143872405233118e-05
2018-11-07,5.0137562622122744e-05
2018-11-08,5.732122601848738e-05
2018-11-09,2.5450758459286796e-05
2018-11-12,2.8078013154866276e-05
2018-11-13,0.000104812586795811
2018-11-14,0.0002958813732389475
2018-11-15,3.0003961744057633e-05
2018-11-16,2.307753188042319e-05
2018-11-19,5.757683828724048e-05
2018-11-20,2.9226681485804546e-05
2018-11-21,6.808929769149861e-05
2018-11-22,3.226322392800736e-05
2018-11-23,0.0001226077867513164
2018-11-26,4.256668186293423e-05
2018-11-27,2.476676540536576e-05
2018-11-28,2.8518541437272567e-05
2018-11-29,2.1132887125534498e-05
2018-11-30,2.7341539440280363e-05
2018-12-03,1.5768268474237635e-05
2018-12-04,3.7988110472409617e-06
2018-12-05,1.4274395342620356e-05
2018-12-06,4.622116153626931e-05
2018-12-07,0.0016809317546275324
2018-12-10,8.412964578291808e-06
2018-12-11,3.2390377265281217e-05
2018-12-12,1.974756232930988e-05
2018-12-13,1.3591658724888834e-05
2018-12-14,1.0119333534711723e-05
2018-12-17,7.261585787079864e-06
2018-12-18,1.7022363242911665e-05
2018-12-19,1.5136519260661296e-05
2018-12-20,1.2691573493266254e-05
2018-12-21,5.3941477099869496e-05
2018-12-24,4.3673731500550705e-05
2018-12-25,0.00012892426230898664
2018-12-26,0.00046818280392609647
2018-12-27,2.359424031517647e-05
2018-12-28,2.184580036072231e-05
2018-12-31,2.1239490413938494e-05
2019-01-01,7.3955633700795125e-06
2019-01-02,2.3123097832076586e-05
2019-01-03,6.406421954566302e-06
2019-01-04,8.96707292772756e-06
2019-01-07,7.6880051246613e-06
2019-01-08,5.297618705061891e-06
2019-01-09,5.274272420811096e-06
2019-01-10,6.971897532377399e-06
2019-01-11,4.284076160504238e-06
2019-01-14,5.156131714092527e-06
2019-01-15,5.047836553155338e-06
2019-01-16,2.6037975210892122e-06
2019-01-17,4.795757998448426e-06
2019-01-18,4.369730749586077e-06
2019-01-21,3.94153192482033e-06
2019-01-22,7.774376165116207e-06
2019-01-23,5.57818635446442e-06
2019-01-24,8.456236897902162e-06
2019-01-25,4.356809574813831e-06
2019-01-28,7.77989028475153e-06
2019-01-29,9.05854304979119e-06
2019-01-30,1.3276384912510307e-05
2019-01-31,6.045932395292799e-06
2019-02-01,5.4943195490892795e-06
2019-02-04,1.2160715354660613e-05
2019-02-05,6.542746845328615e-06
2019-02-06,4.7513594800075694e-06
2019-02-07,6.3657380985176335e-06
2019-02-08,3.664492564549724e-06
2019-02-11,4.074722809513987e-06
2019-02-12,6.778993934488596e-06
2019-02-13,4.003945760918033e-06
2019-02-14,3.437923736939377e-06
2019-02-15,4.37000260164907e-06
2019-02-18,3.7598571333543613e-06
2019-02-19,1.0616180390543274e-05
2019-02-20,5.366156862905542e-06
2019-02-21,2.43677227405222e-06
2019-02-22,3.2834400720349565e-06
2019-02-25,1.4529852848787906e-06
2019-02-26,4.05168744130492e-06
2019-02-27,4.008551051861381e-06
2019-02-28,5.413458312284903e-06
2019-03-01,4.137972997690006e-06
2019-03-04,5.078660015859061e-06
2019-03-05,6.1656293905107075e-06
2019-03-06,5.238029051299216e-05
2019-03-07,8.928016116126312e-06
2019-03-08,6.549344579579496e-06
2019-03-11,1.667296102078218e-05
2019-03-12,6.8923390024926054e-06
2019-03-13,7.1318450113909455e-06
2019-03-14,5.556919338001502e-06
2019-03-15,6.856744116885544e-06
2019-03-18,4.449484571557438e-06
2019-03-19,5.090124213404507e-06
2019-03-20,1.20300822076606e-05
2019-03-21,8.540345117061293e-06
2019-03-22,4.2779850659926395e-06
2019-03-25,1.4402415121521811e-06
2019-03-26,3.442915547908985e-06
2019-03-27,1.960555895354499e-06
2019-03-28,7.733118648139188e-07
2019-03-29,1.9251480507816463e-06
2019-04-01,1.9683568754270304e-06
2019-04-02,1.1781107542732037e-06
2019-04-03,7.722506712911952e-07
2019-04-04,2.9499740889446473e-07
2019-04-05,2.2867803638222126e-07
2019-04-08,1.7899696346158118e-07
2019-04-09,3.2127466362064104e-07
2019-04-10,2.6947159109794474e-07
2019-04-11,1.8588584719803734e-07
2019-04-12,2.916031525746196e-07
2019-04-15,2.425625962746022e-07
2019-04-16,2.6689292907412064e-07
2019-04-17,3.217372049566011e-07
2019-04-18,8.084011176681505e-07
2019-04-19,3.9297439701154026e-07
2019-04-22,1.7611056943912679e-06
2019-04-23,1.0701660878353103e-06
2019-04-24,9.803806657839646e-07
2019-04-25,4.4420720266798733e-07
2019-04-26,9.651870031108032e-07
2019-04-29,5.79894669683938e-07
2019-04-30,1.1046130387266455e-06
2019-05-01,1.3419123641574761e-06
2019-05-02,5.797532375241707e-06
2019-05-03,6.658857092228879e-06
2019-05-06,3.0966439036685934e-06
2019-05-07,5.588268946749403e-06
2019-05-08,6.526810470271878e-06
2019-05-09,1.3132261815681359e-05
2019-05-10,9.703261799628663e-06
2019-05-13,5.376828530218771e-06
2019-05-14,4.564658676472564e-06
2019-05-15,3.3613855692012167e-06
2019-05-16,4.816827676339632e-06
2019-05-17,3.59062893924903e-06
2019-05-20,3.843087401484181e-06
2019-05-21,5.900542829921164e-06
2019-05-22,5.261746461395717e-06
2019-05-23,4.539502302542922e-06
2019-05-24,4.589386168075003e-06
2019-05-27,4.736614201796309e-06
2019-05-28,1.212775888318348e-05
2019-05-29,6.898866942374412e-06
2019-05-30,8.988972712920549e-06
2019-05-31,9.529033519279982e-06
2019-06-03,9.014535731320077e-06
2019-06-04,8.701937533822781e-06
2019-06-05,2.8157899651293285e-06
2019-06-06,3.3252184615364403e-06
2019-06-07,3.181448476902971e-06
2019-06-10,3.0613599685603196e-06
2019-06-11,4.75038935061155e-06
2019-06-12,5.268159436098969e-06
2019-06-13,9.042810818485287e-06
2019-06-14,8.284322955016883e-06
2019-06-17,8.121943908196485e-06
2019-06-18,4.0048547814571e-06
2019-06-19,1.0532736117093673e-06
2019-06-20,2.6189248524312655e-06
2019-06-21,1.405452105309103e-06
2019-06-24,2.308106689900547e-06
2019-06-25,2.1440124810007865e-06
2019-06-26,1.7865315420811992e-06
2019-06-27,6.962336983030169e-06
2019-06-28,4.305981843745349e-06
2019-07-01,4.672235016087346e-06
2019-07-02,1.8635171111347574e-06
2019-07-03,2.460459586878488e-06
2019-07-04,1.411206432359991e-06
2019-07-05,5.580207411753553e-06
2019-07-08,4.24334371872588e-06
2019-07-09,2.794761235588894e-06
2019-07-10,5.592823748042408e-06
2019-07-11,8.80270144739791e-06
2019-07-12,8.56803173834086e-06
2019-07-15,5.014728842596261e-06
2019-07-16,5.897656664934364e-06
2019-07-17,6.13939326476447e-06
2019-07-18,4.566532893121147e-06
2019-07-19,5.390211513566224e-06
2019-07-22,5.235752195215418e-06
2019-07-23,4.565713253249658e-06
2019-07-24,3.843033315670272e-06
2019-07-25,3.409111355925519e-06
2019-07-26,7.1278175334569105e-06
2019-07-29,3.986863896485065e-06
2019-07-30,6.3162065165593705e-06
2019-07-31,8.501514619125238e-06
2019-08-01,1.3612014918591794e-05
2019-08-02,3.327417607542247e-05
2019-08-05,2.7395945232505817e-05
2019-08-06,2.568724396878672e-05
2019-08-07,7.665522699922803e-06
2019-08-08,1.5450280023304457e-05
2019-08-09,8.57732455495222e-06
2019-08-12,1.1329664206498753e-05
2019-08-13,1.870367472978559e-05
2019-08-14,8.224696279149594e-06
2019-08-15,1.3303923100596004e-05
2019-08-16,1.4220774970957728e-05
2019-08-19,8.665678810486547e-06
2019-08-20,5.5687099134811134e-06
2019-08-21,4.556509334177607e-06
2019-08-22,1.5931904970812013e-05
2019-08-23,3.534456931535093e-05
2019-08-26,2.7374183891544515e-05
2019-08-27,2.3297397573854366e-05
2019-08-28,2.7253911951261378e-05
2019-08-29,2.103986178629702e-05
2019-08-30,2.1640948843353222e-05
2019-09-02,2.2763383307994285e-05
2019-09-03,5.247520394061714e-05
2019-09-04,6.054472488092365e-05
2019-09-05,4.1299555911764435e-05
2019-09-06,0.0001437752309614385
2019-09-09,4.3356774215371436e-05
2019-09-10,0.00014716175438042993
2019-09-11,0.00014619559265977917
2019-09-12,4.808247203559257e-05
2019-09-13,9.047738852735441e-05
2019-09-16,0.00016024544556937731
2019-09-17,7.40512295726712e-05
2019-09-18,8.74756897082571e-05
2019-09-19,1.4802716721813958e-05
2019-09-20,1.57348315724783e-05
2019-09-23,1.1520242715926692e-05
2019-09-24,6.9654706015711975e-06
2019-09-25,2.5762965636415476e-05
2019-09-26,2.0218866885446963e-05
2019-09-27,2.073383712547746e-05
2019-09-30,2.7863961379759005e-05
2019-10-01,2.6805408643304835e-05
2019-10-02,4.978155239875555e-05
2019-10-03,8.223850256126553e-05
2019-10-04,2.5647637712899957e-05
2019-10-07,1.8999289385889355e-05
2019-10-08,3.099013866463406e-05
2019-10-09,4.461612874863809e-05
2019-10-10,3.562386287643858e-05
2019-10-11,4.363308766596067e-05
2019-10-14,1.7679580267565664e-05
2019-10-15,9.529526074513089e-06
2019-10-16,1.1503325137117423e-05
2019-10-17,1.2401520014127774e-05
2019-10-18,1.0038414092084208e-05
2019-10-21,1.6419828367539883e-05
2019-10-22,1.2895046177794303e-05
2019-10-23,1.4924547714156252e-05
2019-10-24,1.485596691735645e-05
2019-10-25,2.033824724782931e-05
2019-10-28,1.622660692270859e-05
2019-10-29,2.0631806091038818e-05
2019-10-30,2.2034232915129423e-05
2019-10-31,1.0755809370759793e-05
2019-11-01,1.4869179964430683e-05
2019-11-04,1.6156217744250137e-05
2019-11-05,2.322546865611043e-05
2019-11-06,3.837798720977299e-05
2019-11-07,2.076910909694929e-05
2019-11-08,4.0579678964814654e-05
2019-11-11,1.6226285779519732e-05
2019-11-12,2.5211341615264766e-05
2019-11-13,2.9073289196954705e-05
2019-11-14,9.093066482429287e-06
2019-11-15,1.1323483558384594e-05
2019-11-18,9.646786095891115e-06
2019-11-19,1.162357550387252e-05
2019-11-20,1.4861795961691808e-05
2019-11-21,1.3938210342613757e-05
2019-11-22,1.5405989395354117e-05
2019-11-25,7.600749082236438e-06
2019-11-26,6.862680532254355e-06
2019-11-27,6.340304033469802e-06
2019-11-28,4.441630579141921e-06
2019-11-29,1.5174309288094038e-05
2019-12-02,6.629764520994299e-06
2019-12-03,3.3552808214662594e-05
2019-12-04,1.6642475933476065e-05
2019-12-05,1.4014321697762906e-05
2019-12-06,1.789587013281477e-05
2019-12-09,1.0693745441969775e-05
2019-12-10,1.797124923794099e-05
2019-12-11,2.9347821968783415e-05
2019-12-12,9.819914221437085e-06
2019-12-13,1.2902099786867894e-05
2019-12-16,5.457500169879231e-06
2019-12-17,4.978926371315739e-06
2019-12-18,6.4933601791547665e-06
2019-12-19,8.996466684836607e-06
2019-12-20,7.483056537661085e-06
2019-12-23,5.920165917618966e-06
2019-12-24,9.522513533116336e-06
2019-12-25,8.68176550531793e-06
2019-12-26,1.1638850036527101e-05
2019-12-27,6.080718062141219e-06
2019-12-30,1.033851006391051e-05
2019-12-31,1.3553087766147123e-05
2020-01-01,7.910002035871035e-06
2020-01-02,1.9054549227581977e-05
2020-01-03,4.186303200605733e-06
2020-01-06,7.622755943452309e-06
2020-01-07,9.665682839597227e-06
2020-01-08,3.019623227066553e-05
2020-01-09,2.463629913625403e-05
2020-01-10,1.4601729669168706e-05
2020-01-13,1.4634958642273225e-05
2020-01-14,9.738116774168227e-06
2020-01-15,2.016142554598796e-05
2020-01-16,1.071289785299105e-05
2020-01-17,8.34625806010221e-06
2020-01-20,1.1365579018113984e-05
2020-01-21,2.5481451062900913e-05
2020-01-22,1.2144381849163416e-05
2020-01-23,1.0842796491012788e-05
2020-01-24,6.5543212146209905e-06
2020-01-27,7.025295119716424e-06
2020-01-28,8.9217669032636e-06
2020-01-29,6.114261520928844e-06
2020-01-30,7.64789942349432e-06
2020-01-31,5.548144784197528e-06
2020-02-03,1.0257173371471778e-05
2020-02-04,3.6828924639643133e-06
2020-02-05,1.999605554386221e-06
2020-02-06,5.750633168261257e-06
2020-02-07,5.202749160602511e-06
2020-02-10,5.119772416500186e-06
2020-02-11,3.848813422580237e-06
2020-02-12,5.74972734121041e-06
2020-02-13,2.674355231455052e-06
2020-02-14,4.865742301923668e-06
2020-02-17,4.41451146348491e-06
2020-02-18,9.018551961454487e-06
2020-02-19,5.165934374435736e-06
2020-02-20,2.766378577946453e-06
2020-02-21,4.989041130452252e-06
2020-02-24,6.5753940555999084e-06
2020-02-25,3.183420817361106e-05
2020-02-26,5.120779378000825e-05
2020-02-27,5.4895701084871305e-05
2020-02-28,0.00036145028147831443
2020-03-02,0.0006624973346845306
2020-03-03,0.00019835149012020065
2020-03-04,0.0007004223590261727
2020-03-05,0.00019465191597006139
2020-03-06,0.0009251995391571222
2020-03-09,0.0019436666079677477
2020-03-10,0.010387208992314245
2020-03-11,0.005208628006820761
2020-03-12,0.007490081506477715
2020-03-13,0.497764411710937
2020-03-16,0.015229492850523559
2020-03-17,0.24664390709026354
2020-03-18,0.036426260875787354
2020-03-19,0.0023486511457700603
2020-03-20,0.0017335094065450995
2020-03-23,0.00030761133032962016
2020-03-24,0.00012249868398161727
2020-03-25,0.0001390293898641358
2020-03-26,0.0003922377011708215
2020-03-27,0.00017499096811508485
2020-03-30,0.00029109050142981545
2020-03-31,5.732528133189339e-05
2020-04-01,4.8729752612459476e-05
2020-04-02,0.0003917838627958904
2020-04-03,0.00017014485107909918
2020-04-06,4.7078561128415165e-06
2020-04-07,4.537148032158108e-06
2020-04-08,1.216173542932466e-05
2020-04-09,6.320376963209589e-06
2020-04-10,7.726859191895099e-06
2020-04-13,1.8101796657552225e-05
2020-04-14,3.880048437762145e-06
2020-04-15,3.3326818812497634e-06
2020-04-16,1.937469323776281e-06
2020-04-17,1.909530897224498e-06
2020-04-20,1.3238437615561317e-06
2020-04-21,1.9786827177407596e-06
2020-04-22,6.85551986856048e-06
2020-04-23,2.156578297280049e-06
2020-04-24,2.837405997795737e-06
2020-04-27,8.601762368064511e-07
2020-04-28,5.358942671636819e-07
2020-04-29,1.4591453576292773e-06
2020-04-30,3.426520031868296e-05
2020-05-01,0.00010057104140946663
2020-05-04,0.0009015811768834177
2020-05-05,0.0009414718967552587
2020-05-06,5.409065985108928e-06
2020-05-07,3.390346777667019e-06
2020-05-08,2.3229174037516638e-06
2020-05-11,1.7155620487531212e-06
2020-05-12,1.771092545926121e-06
2020-05-13,2.0193488072400716e-06
2020-05-14,3.395350878457425e-05
2020-05-15,2.759763499360009e-05
2020-05-18,3.582056127854946e-05
2020-05-19,2.592069514255942e-05
2020-05-20,2.8079338627931783e-05
2020-05-21,2.5940832071769818e-05
2020-05-22,0.00027841221511805435
2020-05-25,0.0002658791876852316
2020-05-26,0.0005266476932716583
2020-05-27,0.0003833172516397743
2020-05-28,8.104956654627578e-05
2020-05-29,7.016276881023024e-05
2020-06-01,0.00011028874509742083
2020-06-02,2.3286717388169482e-05
2020-06-03,3.598870640147323e-05
2020-06-04,0.00019751358234436115
2020-06-05,0.00019625867470665572
2020-06-08,0.0002812918355041451
2020-06-09,0.0004546878832702538
2020-06-10,0.0005725849426288832
2020-06-11,0.00018279301754778364
2020-06-12,0.0010573058437959187
2020-06-15,0.00039636980356000547
2020-06-16,0.00022369437897614688
2020-06-17,0.00014165978236093649
2020-06-18,0.0001534441476492696
2020-06-19,6.90214335583235e-05
2020-06-22,0.00010493976846766544
2020-06-23,9.65720969722022e-05
2020-06-24,0.00013585264541300117
2020-06-25,9.374803074380716e-05
2020-06-26,6.496019481610033e-05
2020-06-29,6.588957589804142e-05
2020-06-30,5.367420316378814e-05
2020-07-01,3.3128816627949906e-05
2020-07-02,1.4407891221957108e-05
2020-07-03,1.1741748985494397e-05
2020-07-06,2.2236863610732415e-05
2020-07-07,5.865440895411366e-05
2020-07-08,6.915726760798021e-05
2020-07-09,4.837242553978993e-05
2020-07-10,6.044515552842265e-05
2020-07-13,4.515808512559328e-05
2020-07-14,9.066642722307609e-05
2020-07-15,5.724812082532719e-05
2020-07-16,4.463809940502589e-05
2020-07-17,4.910686356027667e-05
2020-07-20,3.2947314471524126e-05
2020-07-21,3.880080257719745e-05
2020-07-22,7.55771484584924e-05
2020-07-23,4.997851523252824e-05
2020-07-24,5.185349720506866e-05
2020-07-27,5.132868245047238e-05
2020-07-28,4.483106045437605e-05
2020-07-29,6.872702465586995e-05
2020-07-30,4.799927786200357e-05
2020-07-31,8.928539555560331e-05
2020-08-03,1.6378084506547757e-05
2020-08-04,6.503780678099587e-06
2020-08-05,7.633503518952762e-06
2020-08-06,6.797223098051909e-06
2020-08-07,6.975796509908309e-06
2020-08-10,9.799689275447654e-06
2020-08-11,3.945161486853407e-06
2020-08-12,6.901788490732834e-06
2020-08-13,4.108659128510456e-06
2020-08-14,7.95854891564164e-06
2020-08-17,6.0941394707597505e-06
2020-08-18,3.490462735822945e-06
2020-08-19,5.625676885410156e-06
2020-08-20,2.9763094033676742e-06
2020-08-21,3.0070808896845356e-06
2020-08-24,1.770042058207065e-06
2020-08-25,2.2499283196868156e-06
2020-08-26,3.005187406896171e-06
2020-08-27,2.5550649270764158e-06
2020-08-28,4.415847745458764e-06
2020-08-31,4.9368930102561165e-06
2020-09-01,6.2537978676709316e-06
2020-09-02,6.630391697714553e-06
2020-09-03,1.9665315228006915e-05
2020-09-04,4.680288741583121e-05
2020-09-07,3.2834013911998335e-05
2020-09-08,8.943979716672236e-05
2020-09-09,2.7459680628739834e-05
2020-09-10,2.1407822152805115e-05
2020-09-11,2.622378348642964e-05
2020-09-14,2.1731712454316997e-05
2020-09-15,1.9504807877361398e-05
2020-09-16,1.7856648842752614e-05
2020-09-17,1.9452000105084025e-05
2020-09-18,1.9943610929491365e-05
2020-09-21,9.769924763678957e-06
2020-09-22,1.1928592056267151e-05
2020-09-23,7.482897064715175e-06
2020-09-24,8.046692815907304e-06
2020-09-25,1.563874281621953e-05
2020-09-28,6.48523899649295e-06
2020-09-29,5.1687052465373525e-06
2020-09-30,6.823909941068196e-06
2020-10-01,9.855201027918224e-06
2020-10-02,7.483938345566285e-06
2020-10-05,7.463350161883936e-06
2020-10-06,6.505481857646678e-06
2020-10-07,1.1303825976853137e-05
2020-10-08,8.159720016641728e-06
2020-10-09,8.280431990997885e-06
2020-10-12,9.907217323722252e-06
2020-10-13,9.474011973805862e-06
2020-10-14,1.0664712871066585e-05
2020-10-15,2.4571210217455384e-05
2020-10-16,3.3578774655594726e-05
2020-10-19,2.2440561316053847e-05
2020-10-20,1.8434297789297114e-05
2020-10-21,2.4453933028557716e-05
2020-10-22,3.296421254915014e-05
2020-10-23,1.5419185490893217e-05
2020-10-26,2.2704837431320992e-05
2020-10-27,3.142002653309908e-05
2020-10-28,2.6520198755818217e-05
2020-10-29,5.2809212036685914e-05
2020-10-30,3.850397553945449e-05
2020-11-02,4.530716226833247e-05
2020-11-03,3.0741156348448486e-05
2020-11-04,2.5430027415633696e-05
2020-11-05,2.0693639338911077e-05
2020-11-06,1.7476735101246804e-05
2020-11-09,3.7730111058711164e-05
2020-11-10,2.2331325196407407e-05
2020-11-11,2.6123797511140406e-05
2020-11-12,1.422882477836384e-05
2020-11-13,2.038480119539149e-05
2020-11-16,1.1731042955834251e-05
2020-11-17,1.2859479443949404e-05
2020-11-18,1.972704334779482e-05
2020-11-19,2.2229020198938706e-05
2020-11-20,2.1509164250179433e-05
2020-11-23,1.5287285768936615e-05
2020-11-24,1.4063891498906592e-05
2020-11-25,1.772074511922707e-05
2020-11-26,2.1573830818256204e-05
2020-11-27,5.619835231115037e-05
2020-11-30,1.5466270202594173e-05
2020-12-01,8.023971896597942e-05
2020-12-02,1.0394023181932376e-05
2020-12-03,1.4999547265458953e-05
2020-12-04,2.4651566257824252e-05
2020-12-07,1.6527971025790126e-05
2020-12-08,3.3164111604399526e-05
2020-12-09,1.85537018931501e-05
2020-12-10,7.36809445386244e-06
2020-12-11,3.072942018381775e-05
2020-12-14,1.4901784750554553e-05
2020-12-15,1.4598979406600986e-05
2020-12-16,1.4128361768758944e-05
2020-12-17,1.4059347788804433e-05
2020-12-18,1.3219002993635952e-05
2020-12-21,2.391910618853971e-05
2020-12-22,1.8839457192457623e-05
2020-12-23,6.793737565096095e-06
2020-12-24,5.683668758560035e-06
2020-12-25,2.6501747136953185e-06
2020-12-28,1.150300424599138e-05
2020-12-29,1.7892784385492008e-05
2020-12-30,1.1701704386795572e-05
2020-12-31,8.293446268654512e-06
2021-01-01,1.2471733810667178e-05
2021-01-04,2.1331097027499194e-05
2021-01-05,4.409496612512456e-05
2021-01-06,1.3940306166676195e-05
2021-01-07,1.3135335869809372e-05
2021-01-08,6.226877956750403e-06
2021-01-11,1.8815433546551258e-05
2021-01-12,7.521748093853008e-06
2021-01-13,1.3482720417808304e-05
2021-01-14,9.913395336919485e-06
2021-01-15,5.9467048474487e-06
2021-01-18,9.032578577004233e-06
2021-01-19,1.1395887693568812e-05
2021-01-20,3.4350195961649805e-06
2021-01-21,6.852466624921436e-06
2021-01-22,1.022558046107076e-05
2021-01-25,8.47256091723318e-06
2021-01-26,1.4926242236913815e-05
2021-01-27,5.744642656991062e-06
2021-01-28,7.837467968675689e-05
2021-01-29,1.7043435095421988e-05
2021-02-01,3.083522468285597e-05
2021-02-02,2.7745704515353184e-05
2021-02-03,2.963110526077929e-05
2021-02-04,2.7577564375052728e-05
2021-02-05,1.897371846529584e-05
2021-02-08,1.5818454625699296e-05
2021-02-09,9.355328402738967e-06
2021-02-10,9.909736059031457e-06
2021-02-11,2.3268457413666055e-05
2021-02-12,3.3648105084484184e-06
2021-02-15,2.484222723634119e-06
2021-02-16,4.316889645490913e-06
2021-02-17,3.080020426979086e-06
2021-02-18,1.2590778292521247e-06
2021-02-19,7.377125150971191e-07
2021-02-22,5.003548011143329e-07
2021-02-23,1.645352009497593e-06
2021-02-24,3.168851513306994e-06
2021-02-25,2.25443317795396e-06
2021-02-26,1.129627192587373e-05
2021-03-01,1.917203576507407e-05
2021-03-02,9.509995764103719e-06
2021-03-03,1.2146665015532114e-05
2021-03-04,3.87608529400088e-05
2021-03-05,4.813770170319456e-05
2021-03-08,2.2649159345565422e-05
2021-03-09,1.6842016212081345e-05
2021-03-10,1.6193491559806696e-05
2021-03-11,2.3801195507194816e-05
2021-03-12,1.8767982719515693e-05
2021-03-15,1.1183201473586247e-05
2021-03-16,1.5939500895451267e-05
2021-03-17,7.693336557130419e-06
2021-03-18,4.743274197413864e-06
2021-03-19,7.969206894936021e-06
2021-03-22,1.3468132342923897e-05
2021-03-23,5.6557677760400885e-06
2021-03-24,1.8215580071394565e-05
2021-03-25,1.4988579314649953e-05
2021-03-26,6.8354943635716846e-06
2021-03-29,7.88192736924677e-06
2021-03-30,1.4232560909389347e-05
2021-03-31,7.819205091742789e-06
2021-04-01,1.1456646797020618e-05
2021-04-02,1.8561242353533096e-05
2021-04-05,1.1833384673164304e-05
2021-04-06,5344.881584464433
2021-04-07,4.173217358370005e-05
2021-04-08,3.131242645176895e-05
2021-04-09,2.074541899060667e-05
2021-04-12,2.2125302124676398e-05
2021-04-13,1.5645264208893774e-05
2021-04-14,9.974569769476244e-06
2021-04-15,3.070740636036338e-06
2021-04-16,6.212327045891783e-06
2021-04-19,4.511118290585287e-06
2021-04-20,5.3317432333864035e-06
2021-04-21,9.454495004273332e-06
2021-04-22,9.275429122266679e-06
2021-04-23,7.5894767971752125e-06
2021-04-26,7.894751850433114e-06
2021-04-27,1.1337411873417579e-05
2021-04-28,1.92722529301148e-05
2021-04-29,1.027038920222776e-05
2021-04-30,5.095947315217845e-06
2021-05-03,2.450887499651582e-06
2021-05-04,2.8340628643537126e-06
2021-05-05,3.616021509221837e-06
2021-05-06,4.163096486529291e-06
2021-05-07,2.9968166162704665e-06
2021-05-10,2.736303528955359e-06
2021-05-11,4.194819048330737e-06
2021-05-12,4.0032581973336685e-06
2021-05-13,1.5555181704567248e-05
2021-05-14,1.7117459132515294e-05
2021-05-17,1.5516875838686927e-05
2021-05-18,1.872964879367145e-05
2021-05-19,1.7226657823851314e-05
2021-05-20,1.1022198989062673e-05
2021-05-21,7.891106867591583e-06
2021-05-24,6.769508577052976e-06
2021-05-25,5.601102966411584e-06
2021-05-26,6.879662109123654e-06
2021-05-27,6.746954002419323e-06
2021-05-28,3.062318241897666e-06
2021-05-31,3.1325275076412057e-06
2021-06-01,1.0116918849486282e-06
2021-06-02,8.971795671085227e-08
2021-06-03,9.049179594851157e-08
2021-06-04,1.7212275519750137e-07
2021-06-07,6.274674901659585e-07
2021-06-08,8.165316887724068e-07
2021-06-09,1.4913529344308814e-06
2021-06-10,4.448777231443538e-07
2021-06-11,2.0179740478935867e-06
2021-06-14,5.064115707690095e-07
2021-06-15,5.171329481379498e-07
2021-06-16,6.323050264710064e-07
2021-06-17,8.08245658024264e-07
2021-06-18,8.94601923283061e-07
2021-06-21,1.4533069576540817e-06
2021-06-22,1.599459956573595e-06
2021-06-23,1.9289632084566994e-06
2021-06-24,6.69567658364773e-06
2021-06-25,5.435077385514709e-06
2021-06-28,3.3090025437247748e-06
2021-06-29,2.2803542340931313e-06
2021-06-30,1.711436874866625e-06
2021-07-01,3.4752196065221682e-06
2021-07-02,1.6377131655258232e-06
2021-07-05,2.8049724316827254e-06
2021-07-06,4.579958670527613e-06
2021-07-07,2.8141967631931408e-06
2021-07-08,2.1901615918783375e-06
2021-07-09,2.948835765982487e-06
2021-07-12,2.345694080981234e-06
2021-07-13,3.5246644790438305e-06
2021-07-14,3.69992327695672e-06
2021-07-15,4.473962359133089e-06
2021-07-16,4.783919204117278e-06
2021-07-19,3.460343583733288e-06
2021-07-20,7.104567750860247e-06
2021-07-21,8.975289687676299e-06
2021-07-22,9.874165419172808e-06
2021-07-23,1.3421997561839308e-05
2021-07-26,1.3519567768699472e-05
2021-07-27,1.2789302126309118e-05
2021-07-28,1.0219485243882629e-05
2021-07-29,8.102727264685538e-06
2021-07-30,5.875686219211603e-06
2021-08-02,2.2544889356699327e-06
2021-08-03,4.727541300407118e-06
2021-08-04,5.943317492306601e-06
2021-08-05,9.481255313143956e-06
2021-08-06,9.836744429823236e-06
2021-08-09,6.448278794503505e-06
2021-08-10,9.73968699646428e-06
2021-08-11,6.429637361347162e-06
2021-08-12,4.315316433153519e-06
2021-08-13,2.4191031365555966e-06
2021-08-16,2.6814692102380264e-06
2021-08-17,1.9483690552530866e-06
2021-08-18,3.277674263439378e-06
2021-08-19,7.006937517036102e-06
2021-08-20,1.0174853446670032e-05
2021-08-23,7.34139927744255e-06
2021-08-24,7.394837514781825e-06
2021-08-25,1.1663032876164263e-05
2021-08-26,5.723604452988749e-06
2021-08-27,7.631130443239311e-06
2021-08-30,7.249124295780359e-06
2021-08-31,6.6218365048492405e-06
2021-09-01,9.199906270110565e-06
2021-09-02,6.63667501028739e-06
2021-09-03,4.225963680394319e-06
2021-09-06,1.6706724433350829e-06
2021-09-07,1.7054961467274518e-06
2021-09-08,1.0392207035662785e-06
2021-09-09,1.3919398591407665e-06
2021-09-10,1.8114508455555327e-06
2021-09-13,2.6039322454234815e-06
2021-09-14,3.3340207688859424e-06
2021-09-15,3.6380201844660508e-06
2021-09-16,4.319920671360863e-06
2021-09-17,6.776464783363966e-06
2021-09-20,4.453576393005143e-06
2021-09-21,2.0428424109648938e-05
2021-09-22,1.6452233295284174e-05
2021-09-23,8.251085490306917e-06
2021-09-24,6.665807451571233e-06
2021-09-27,8.74680692387305e-06
2021-09-28,6.4815776589283455e-06
2021-09-29,1.1059752150084093e-05
2021-09-30,1.889363289605361e-05
2021-10-01,1.1601089827359665e-05
2021-10-04,1.3848250891525449e-05
2021-10-05,1.3546512764544059e-05
2021-10-06,1.0038861530018424e-05
2021-10-07,1.3230146385049206e-05
2021-10-08,8.060713332906902e-06
2021-10-11,6.707233481232533e-06
2021-10-12,5.3194880565089155e-06
2021-10-13,6.63252822646669e-06
2021-10-14,6.763206145682473e-06
2021-10-15,8.936405200208304e-06
2021-10-18,7.4181241095398356e-06
2021-10-19,7.605363920980341e-06
2021-10-20,9.123188032489953e-06
2021-10-21,1.0643119046191751e-05
2021-10-22,4.437112492476502e-06
2021-10-25,4.748107204752988e-06
2021-10-26,4.523346691334051e-06
2021-10-27,3.2888820744080047e-06
2021-10-28,5.955902114754552e-06
2021-10-29,6.763765600889945e-06
2021-11-01,6.704975045559328e-06
2021-11-02,8.75373924319613e-06
2021-11-03,9.605758018246047e-06
2021-11-04,7.800638860518142e-06
2021-11-05,7.362241489568562e-06
2021-11-08,1.0069509936315616e-05
2021-11-09,1.0265414631360295e-05
2021-11-10,1.1427617256239878e-05
2021-11-11,9.359017912377508e-06
2021-11-12,1.3229143664383598e-05
2021-11-15,1.1492079434977799e-05
2021-11-16,1.8573113031744083e-05
2021-11-17,1.1054520088607366e-05
2021-11-18,8.750773753512502e-06
2021-11-19,1.1344778685679642e-05
2021-11-22,8.19299433345065e-06
2021-11-23,8.034535330021424e-06
2021-11-24,5.100826802496449e-06
2021-11-25,4.624808893092196e-06
2021-11-26,9.940748091481223e-06
2021-11-29,5.80550626942719e-05
2021-11-30,2.701630100771355e-05
2021-12-01,5.108465735854167e-05
2021-12-02,6.520312622019186e-05
2021-12-03,7.178418059271665e-05
2021-12-06,7.577988247677768e-05
2021-12-07,5.0901916747006134e-05
2021-12-08,3.08877700489224e-05
2021-12-09,2.318666255552491e-05
2021-12-10,2.9812183170402486e-05
2021-12-13,1.9354284919033863e-05
2021-12-14,2.4076294006661747e-05
2021-12-15,1.6148568946930335e-05
2021-12-16,1.6552043301699422e-05
2021-12-17,1.8490247937887842e-05
2021-12-20,3.0203077542630474e-05
2021-12-21,3.199162451487715e-05
2021-12-22,2.462133124585965e-05
2021-12-23,2.9921126767998446e-05
2021-12-24,2.4409239644358847e-05
2021-12-27,7.973985244875399e-05
2021-12-28,2.2680268782667164e-05
2021-12-29,2.221402410403807e-05
2021-12-30,1.5675352492280927e-05
2021-12-31,1.8547263214651268e-05
2022-01-03,1.8473821649488638e-05
2022-01-04,6.571457685652472e-06
2022-01-05,1.6775292466329645e-05
2022-01-06,2.3108709896252933e-05
2022-01-07,3.2541412153898825e-05
2022-01-10,2.9754471969459022e-05
2022-01-11,4.763756012429586e-05
2022-01-12,2.72547139167025e-05
2022-01-13,1.4012582745746553e-05
2022-01-14,2.390747607996638e-05
2022-01-17,3.0185061487555465e-05
2022-01-18,6.139787694969829e-05
2022-01-19,1.802246396099914e-05
2022-01-20,2.3570782721239138e-05
2022-01-21,3.118828701474914e-05
2022-01-24,4.6235851396569565e-05
2022-01-25,6.72511274076084e-05
2022-01-26,3.686127481976491e-05
2022-01-27,4.8880652568136876e-05
2022-01-28,3.0423093567940352e-05
2022-01-31,1.8280712559164133e-05
2022-02-01,1.744528777663513e-05
2022-02-02,2.72464739778203e-05
2022-02-03,1.642055207862391e-05
2022-02-04,9.022455595661974e-06
2022-02-07,1.1664375875489081e-05
2022-02-08,1.266331033790911e-05
2022-02-09,9.591764280530758e-06
2022-02-10,1.2804067509181379e-05
2022-02-11,4.849553394737307e-06
2022-02-14,1.7557186471220858e-05
2022-02-15,2.1334046000510817e-05
2022-02-16,9.969185253941789e-06
2022-02-17,6.513579202325051e-05
2022-02-18,5.62910599990223e-05
2022-02-21,5.0252370542306026e-05
2022-02-22,0.00011560280157720527
2022-02-23,2.7506328080401466e-05
2022-02-24,4.585097310896442e-05
2022-02-25,4.861223127128401e-05
2022-02-28,2.489515002338382e-05
2022-03-01,0.00010315614042996637
2022-03-02,0.00018510418511601514
2022-03-03,1.9472747054776732e-05
2022-03-04,2.763201909800541e-05
2022-03-07,4.401401188160654e-05
2022-03-08,2.6458977248579547e-05
2022-03-09,2.3772347235770277e-05
2022-03-10,1.9021331857397332e-05
2022-03-11,2.0580220851219897e-05
2022-03-14,2.7263675010646526e-05
2022-03-15,1.6209699601359066e-05
2022-03-16,2.0264374095855396e-05
2022-03-17,1.952052769847136e-05
2022-03-18,2.6156518523820423e-05
2022-03-21,2.728297272798887e-05
2022-03-22,3.313285271994271e-05
2022-03-23,1.3313305649506697e-05
2022-03-24,2.3718530623304626e-05
2022-03-25,1.367456794573087e-05
2022-03-28,1.4476513678061662e-05
2022-03-29,1.422778686060727e-05
2022-03-30,7.21540334376118e-06
2022-03-31,1.9812851142242887e-05
2022-04-01,3.4753506214673746e-05
2022-04-04,2.9534883854932686e-05
2022-04-05,2.8685520659125688e-05
2022-04-06,2.059676078270879e-05
2022-04-07,4.0088671974004306e-05
2022-04-08,3.920881592559689e-05
2022-04-11,4.001429849913794e-05
2022-04-12,4.3070891228691276e-05
2022-04-13,8.097304137493976e-05
2022-04-14,5.1357305733353635e-05
2022-04-15,4.1347062897793625e-05
2022-04-18,0.00043907762981669127
2022-04-19,0.00018201517582477634
2022-04-20,5.351998940480106e-05
2022-04-21,0.00016218935632665888
2022-04-22,7.584499072929948e-05
2022-04-25,0.0002448088842298905
2022-04-26,0.0004943430933006331
2022-04-27,0.0007815027056830606
2022-04-28,0.0002511672824349762
2022-04-29,9.016571444138384e-05
2022-05-02,0.0002283343352702276
2022-05-03,0.00039525625258746106
2022-05-04,0.0002776238293675113
2022-05-05,0.00011726691290637864
2022-05-06,0.00028025094273020684
2022-05-09,0.00015716896912308214
2022-05-10,0.0008755511210864383
2022-05-11,0.0011498042710385717
2022-05-12,0.0003187863269060417
2022-05-13,0.0006099884061757854
2022-05-16,0.00010711252120751664
2022-05-17,7.457854671486907e-05
2022-05-18,2.950802300048894e-05
2022-05-19,0.00016448676062199346
2022-05-20,0.0002152774980914727
2022-05-23,0.00022766807371215643
2022-05-24,8.743810867576171e-05
2022-05-25,0.00020242788891723114
2022-05-26,4.8092651763835996e-05
2022-05-27,4.29644432143171e-05
2022-05-30,5.8875847850108576e-05
2022-05-31,0.00012145739264272747
2022-06-01,3.512095663609971e-05
2022-06-02,3.834810653934478e-05
2022-06-03,2.8757359003685723e-05
2022-06-06,2.4443159238351003e-05
2022-06-07,2.73193258221605e-05
2022-06-08,2.9882717931256355e-05
2022-06-09,3.055002312475205e-05
2022-06-10,4.045199586230407e-05
2022-06-13,7.301935087212168e-05
2022-06-14,0.00017257173834378495
2022-06-15,0.0002530193039275447
2022-06-16,0.00031174053076634664
2022-06-17,0.00024246215754937197
2022-06-20,0.0004307017753712694
2022-06-21,0.0003905712444903195
2022-06-22,0.00016921966931254773
2022-06-23,0.00013430763478708516
2022-06-24,9.392619750657064e-05
2022-06-27,3.8359109603394926e-05
2022-06-28,3.7664942953493836e-05
2022-06-29,3.3499399016473866e-05
2022-06-30,0.00010282323813036051
2022-07-01,7.954794353411504e-05
2022-07-04,4.307702301143047e-05
2022-07-05,4.9256897235852846e-05
2022-07-06,3.46728879081539e-05
2022-07-07,6.417032033567692e-06
2022-07-08,4.891094304800323e-06
2022-07-11,6.678130353572267e-06
2022-07-12,8.151649105184952e-06
2022-07-13,1.1034583241985607e-05
2022-07-14,6.2623654532126505e-06
2022-07-15,6.371152868469367e-06
2022-07-18,5.9249639890058595e-06
2022-07-19,4.530667220469035e-06
2022-07-20,5.0014498754982475e-06
2022-07-21,3.0102438906321858e-05
2022-07-22,3.0236683303881715e-05
2022-07-25,3.453598852405733e-05
2022-07-26,3.1701778305502675e-05
2022-07-27,2.1090125117275084e-05
2022-07-28,1.7990975413571547e-05
2022-07-29,2.3013930899517306e-05
2022-08-01,1.7876788991853398e-05
2022-08-02,3.3312314215271615e-05
2022-08-03,3.2281516728802574e-05
2022-08-04,2.7509419641412846e-05
2022-08-05,3.702033176067209e-05
2022-08-08,1.7855379122743373e-05
2022-08-09,2.2281866668456448e-05
2022-08-10,1.6430404897082012e-05
2022-08-11,1.445551889333691e-05
2022-08-12,2.7924817586175653e-05
2022-08-15,1.891940143634367e-05
2022-08-16,1.731105611669647e-05
2022-08-17,1.1862790340158337e-05
2022-08-18,6.7141014811979884e-06
2022-08-19,1.4771211420961252e-05
2022-08-22,1.1174184999931537e-05
2022-08-23,2.6274700748099595e-05
2022-08-24,3.1908461869997204e-05
2022-08-25,2.8008748029876705e-05
2022-08-26,1.6754457103876566e-05
2022-08-29,4.5653016061151315e-05
2022-08-30,6.147627666065571e-05
2022-08-31,6.0145530804240495e-05
2022-09-01,9.059094094116769e-05
2022-09-02,0.0001333874217763818
2022-09-05,6.0116785689104866e-05
2022-09-06,0.00015058394454516767
2022-09-07,6.942113957434898e-05
2022-09-08,4.686983468156871e-05
2022-09-09,4.182567365544162e-05
2022-09-12,4.1484996950450306e-05
2022-09-13,4.115828294016372e-05
2022-09-14,0.0001355967709092997
2022-09-15,0.00010674549182106072
2022-09-16,0.00011329478823074476
2022-09-19,9.664290158205114e-05
2022-09-20,9.362565908135522e-05
2022-09-21,3.960888715364669e-05
2022-09-22,6.624585655065029e-05
2022-09-23,7.659215424043117e-05
2022-09-26,9.455992068913081e-05
2022-09-27,0.00016910162846897405
2022-09-28,0.0001527133367021565
2022-09-29,8.740244356006009e-05
2022-09-30,0.0001583238911138701
2022-10-03,0.00016480947953028668
2022-10-04,0.00011717576435268572
2022-10-05,0.00012855121446434632
2022-10-06,0.00020392806791645136
2022-10-07,0.00017730192013060007
2022-10-10,0.00021665276618456112
2022-10-11,0.00026350016448510653
2022-10-12,0.00019067642674047423
2022-10-13,0.00021415785542611764
2022-10-14,0.00012177746924587783
2022-10-17,0.00012983904114927106
2022-10-18,0.00012286846571604642
2022-10-19,0.0001198347835634638
2022-10-20,0.0001417166344741895
2022-10-21,0.00011392860363412317
2022-10-24,8.967435127716096e-05
2022-10-25,8.448883449712897e-05
2022-10-26,6.277650917358464e-05
2022-10-27,6.767382626827772e-05
2022-10-28,7.528309779180489e-05
2022-10-31,5.4943458852267704e-05
2022-11-01,6.321952476560688e-05
2022-11-02,4.7752773772756846e-05
2022-11-03,4.970706955502041e-05
2022-11-04,6.275540097611608e-05
2022-11-07,3.90699111519071e-05
2022-11-08,3.868849329203495e-05
2022-11-09,4.683047622468262e-05
2022-11-10,5.7124299259488884e-05
2022-11-11,4.9415339071591165e-05
2022-11-14,7.88654953753553e-05
2022-11-15,9.21419649131772e-05
2022-11-16,9.10984001972293e-05
2022-11-17,9.77828834762404e-05
2022-11-18,3.6457526444818836e-05
2022-11-21,3.896703968302935e-05
2022-11-22,3.0157051722517765e-05
2022-11-23,2.8201778581827746e-05
2022-11-24,2.8854626104399976e-05
2022-11-25,6.709673103942581e-05
2022-11-28,5.381887413431987e-05
2022-11-29,3.7552336470649224e-05
2022-11-30,4.348052899984315e-05
2022-12-01,7.535924442183545e-05
2022-12-02,0.0001375833919741435
2022-12-05,9.010573938479406e-05
2022-12-06,7.233979451713406e-05
2022-12-07,7.93024349113033e-05
2022-12-08,4.466649136368562e-05
2022-12-09,5.208656426413154e-05
2022-12-12,5.9387806571874935e-05
2022-12-13,7.780351174345715e-05
2022-12-14,4.621042061126718e-05
2022-12-15,4.6971653300147176e-05
2022-12-16,7.792096881956625e-05
2022-12-19,8.310047705425676e-05
2022-12-20,7.466571510887258e-05
2022-12-21,7.203186915365862e-05
2022-12-22,5.681161739142931e-05
2022-12-23,6.414727209811048e-05
2022-12-26,5.345954775198243e-05
2022-12-27,6.073795844047577e-05
2022-12-28,5.403103022645087e-05
2022-12-29,4.6877987329275295e-05
2022-12-30,4.452807169744743e-05
2023-01-02,3.603328069506672e-05
2023-01-03,3.031000481527621e-05
2023-01-04,2.9931532708065317e-05
2023-01-05,1.6082332910439663e-05
2023-01-06,1.8676059024093612e-05
2023-01-09,2.709229108069747e-05
2023-01-10,4.0146975204757535e-05
2023-01-11,3.104002984219969e-05
2023-01-12,3.183124753137512e-05
2023-01-13,2.1318063328975895e-05
2023-01-16,1.4573457620872514e-05
2023-01-17,2.4220009229342617e-05
2023-01-18,1.8717737654691216e-05
2023-01-19,1.8814075932986312e-05
2023-01-20,2.6295033799846797e-05
2023-01-23,2.808864189372959e-05
2023-01-24,2.459416870085113e-05
2023-01-25,1.8989802085490464e-05
2023-01-26,2.2524733842800874e-05
2023-01-27,1.834267284050698e-05
2023-01-30,1.578574060572914e-05
2023-01-31,1.8518223638489785e-05
2023-02-01,2.0372980571052352e-05
2023-02-02,1.1385821941654945e-05
2023-02-03,6.8242756331986725e-06
2023-02-06,1.1106571978639913e-05
2023-02-07,1.1478222029207725e-05
2023-02-08,7.88735020884795e-06
2023-02-09,1.1439167441110519e-05
2023-02-10,1.0347878401552179e-05
2023-02-13,1.285911264787657e-05
2023-02-14,1.0696990633566234e-05
2023-02-15,7.548073858583224e-06
2023-02-16,7.339109512822744e-06
2023-02-17,1.0742604482348177e-05
2023-02-20,1.0915412079654784e-05
2023-02-21,1.193937824691895e-05
2023-02-22,2.1807168792121698e-05
2023-02-23,1.6743354748182912e-05
2023-02-24,1.2351146713448396e-05
2023-02-27,1.232596370774574e-05
2023-02-28,1.1388683048561829e-05
2023-03-01,7.748233557436086e-06
2023-03-02,1.0854483469323534e-05
2023-03-03,6.872672382771824e-06
2023-03-06,6.731557615189671e-06
2023-03-07,6.842638742080178e-06
2023-03-08,7.577985312851388e-06
2023-03-09,7.043190877791876e-06
2023-03-10,1.6249654822738215e-05
2023-03-13,1.8239266938931438e-05
2023-03-14,3.523196845039338e-05
2023-03-15,3.876620562875883e-05
2023-03-16,3.724245075602756e-05
2023-03-17,3.044149470006496e-05
2023-03-20,3.758760347400075e-05
2023-03-21,4.946975307030024e-05
2023-03-22,4.0248543249568016e-05
2023-03-23,4.551284029530714e-05
2023-03-24,3.7900829130287464e-05
2023-03-27,2.9425072505476104e-05
2023-03-28,3.633342551277993e-05
2023-03-29,2.7865661642119133e-05
2023-03-30,1.4251983136177148e-05
2023-03-31,1.5522905447627416e-05
2023-04-03,1.3861509749702647e-05
2023-04-04,1.9931305069130635e-05
2023-04-05,2.4468721860760555e-05
2023-04-06,2.014795227270653e-05
2023-04-07,2.183901523934842e-05
2023-04-10,1.9406563600544398e-05
2023-04-11,6.71572444202751e-07
2023-04-12,1.6500264724002293e-05
2023-04-13,7.768773539361794e-06
2023-04-14,1.0242376907185885e-05
2023-04-17,8.881497048299526e-06
2023-04-18,9.349924923176775e-06
2023-04-19,9.461825703470019e-06
2023-04-20,8.18445760558988e-06
2023-04-21,4.929501984764608e-06
2023-04-24,6.653655430291559e-06
2023-04-25,8.079672776166625e-06
2023-04-26,1.3075960275466013e-05
2023-04-27,1.4764742335639297e-05
2023-04-28,1.0462036257177112e-05
2023-05-01,5.121489249940895e-06
2023-05-02,6.610463913157373e-06
2023-05-03,4.70845761529232e-06
2023-05-04,9.650387817232063e-06
2023-05-05,8.28739981917208e-06
2023-05-08,8.403949460344929e-06
2023-05-09,7.661550139080578e-06
2023-05-10,7.945695928499614e-06
2023-05-11,5.165200450256202e-06
2023-05-12,9.822119722607033e-06
2023-05-15,6.241058570679084e-06
2023-05-16,6.468275542578564e-06
2023-05-17,7.180382468475702e-06
2023-05-18,6.241097980648051e-06
2023-05-19,7.964315152735438e-06
2023-05-22,8.04950184087133e-06
2023-05-23,1.123931240406903e-05
2023-05-24,9.402095472600589e-06
2023-05-25,1.1967561492585616e-05
2023-05-26,1.0489358476266535e-05
2023-05-29,1.0420647533838492e-05
2023-05-30,8.245188150675646e-06
2023-05-31,7.124243731331759e-06
2023-06-01,1.0987152797848083e-05
2023-06-02,1.0192158016342702e-05
2023-06-05,7.494211514515447e-06
2023-06-06,1.0076928602689338e-05
2023-06-07,7.88753029289191e-06
2023-06-08,6.105981918057149e-06
2023-06-09,6.521700437265987e-06
2023-06-12,4.128814181240805e-06
2023-06-13,7.235408892043489e-06
2023-06-14,6.531649959413222e-06
2023-06-15,6.677121743125153e-06
2023-06-16,6.75269136574073e-06
2023-06-19,5.014977284203169e-06
2023-06-20,6.078777619728129e-06
2023-06-21,5.148395428475203e-06
2023-06-22,3.9563342674150415e-06
2023-06-23,3.2286971442712296e-06
2023-06-26,2.7523851397075974e-06
2023-06-27,3.819980790525936e-06
2023-06-28,4.164247075532471e-06
2023-06-29,3.4688056227340747e-06
2023-06-30,3.739448135723816e-06
2023-07-03,3.210126433640494e-06
2023-07-04,5.234213129641054e-06
2023-07-05,3.8739699154176625e-06
2023-07-06,1.9690619492955364e-06
2023-07-07,2.7991201278637113e-06
2023-07-10,2.7534351250565107e-06
2023-07-11,3.2599656561924845e-06
2023-07-12,2.9748682051680503e-06
2023-07-13,2.0863745808418344e-06
2023-07-14,3.1834684343706728e-06
2023-07-17,2.3728945708916464e-06
2023-07-18,2.872444646699162e-06
2023-07-19,2.031421188505731e-06
2023-07-20,5.277997668273515e-06
2023-07-21,6.038661742269638e-06
2023-07-24,5.692993893049452e-06
2023-07-25,6.1610684654583435e-06
2023-07-26,5.565522804490683e-06
2023-07-27,4.9646712577710985e-06
2023-07-28,4.9901186560021165e-06
2023-07-31,6.197266186336056e-06
2023-08-01,6.100655475111994e-06
2023-08-02,6.686166756221702e-06
2023-08-03,8.286054528477516e-06
2023-08-04,9.956385016768272e-06
2023-08-07,1.1291218476133795e-05
2023-08-08,1.117304755344188e-05
2023-08-09,8.373545044394603e-06
2023-08-10,8.928796340813883e-06
2023-08-11,8.813332695711623e-06
2023-08-14,8.55442119625741e-06
2023-08-15,6.063485159426166e-06
2023-08-16,8.515900585368448e-06
2023-08-17,9.917044072839848e-06
2023-08-18,1.3482410339592518e-05
2023-08-21,1.2360367920317502e-05
2023-08-22,1.3028595716427767e-05
2023-08-23,1.1702686827784077e-05
2023-08-24,1.0975558224151849e-05
2023-08-25,1.1647970144238627e-05
2023-08-28,1.0252401049789848e-05
2023-08-29,1.0525351769304937e-05
2023-08-30,8.048986599964599e-06
2023-08-31,1.034801225401177e-05
2023-09-01,6.027761313318594e-06
2023-09-04,4.435028993374057e-06
2023-09-05,6.085783073601387e-06
2023-09-06,3.797696136451105e-06
2023-09-07,4.013751210900939e-06
2023-09-08,4.398125142378082e-06
2023-09-11,3.927221150038406e-06
2023-09-12,4.092663679563365e-06
2023-09-13,4.776384639463167e-06
2023-09-14,4.170919630089314e-06
2023-09-15,3.6815797877431207e-06
2023-09-18,3.7849152928846577e-06
2023-09-19,5.2434042211958954e-06
2023-09-20,3.7548666382841835e-06
2023-09-21,4.438036342571583e-06
2023-09-22,5.6509809604838245e-06
2023-09-25,7.03380857622457e-06
2023-09-26,6.184895938700554e-06
2023-09-27,7.477010636242964e-06
2023-09-28,7.574120922764082e-06
2023-09-29,6.946739542902903e-06
2023-10-02,9.009206355115966e-06
2023-10-03,1.344131122654783e-05
2023-10-04,1.240635713821643e-05
2023-10-05,1.2195888800651548e-05
2023-10-06,1.298113783351961e-05
2023-10-09,7.844593185888926e-06
2023-10-10,1.143871470329028e-05
2023-10-11,1.0768674976235041e-05
2023-10-12,1.068981624640883e-05
2023-10-13,1.030248224555401e-05
2023-10-16,1.6704912184598274e-05
2023-10-17,1.441449691491138e-05
2023-10-18,1.617815582743829e-05
2023-10-19,1.651118372706015e-05
2023-10-20,2.8676479693920485e-05
2023-10-23,3.9654941263986984e-05
2023-10-24,3.690508799009536e-05
2023-10-25,2.4950212805224217e-05
2023-10-26,2.981115520700797e-05
2023-10-27,3.304716592336886e-05
2023-10-30,4.1402117724801933e-05
2023-10-31,2.6903203471954678e-05
2023-11-01,1.7997241378739154e-05
2023-11-02,7.265583370154949e-06
2023-11-03,5.881167354535902e-06
2023-11-06,5.31957403513015e-06
2023-11-07,6.5402448512607335e-06
2023-11-08,5.490841841248677e-06
2023-11-09,5.179944850928542e-06
2023-11-10,4.7118726590663944e-06
2023-11-13,4.7689153927274515e-06
2023-11-14,5.808537641180044e-06
2023-11-15,3.844179639026594e-06
2023-11-16,5.15407033171826e-06
2023-11-17,5.022093243847338e-06
2023-11-20,4.474084494449335e-06
2023-11-21,4.6735912294206635e-06
2023-11-22,5.874906673538125e-06
2023-11-23,4.9080126621823084e-06
2023-11-24,6.34333770682736e-06
2023-11-27,7.374700956476467e-06
2023-11-28,3.9967414635605736e-06
2023-11-29,6.964724386280706e-06
2023-11-30,9.06307862546353e-06
2023-12-01,6.206484612376446e-06
2023-12-04,1.1669218761979007e-05
2023-12-05,1.107443814594808e-05
2023-12-06,1.1839488394141984e-05
2023-12-07,8.375211574432121e-06
2023-12-08,8.685727923040801e-06
2023-12-11,6.30031711713919e-06
2023-12-12,6.74498743736373e-06
2023-12-13,6.149935786310048e-06
2023-12-14,7.415859712181111e-06
2023-12-15,9.933829166387546e-06
2023-12-18,1.2548060272837847e-05
2023-12-19,1.7471011111756656e-05
2023-12-20,1.5272737548304042e-05
2023-12-21,1.7394822285055774e-05
2023-12-22,2.4273470439121753e-05
2023-12-25,2.291168180963583e-05
2023-12-26,1.7097303165007752e-05
2023-12-27,2.889264926926756e-05
2023-12-28,1.4157565084136112e-05
2023-12-29,1.6933302257502666e-05
2024-01-01,1.6603169358895252e-05
2024-01-02,1.5461861425379968e-05
2024-01-03,1.687937211628756e-05
2024-01-04,8.106680681216068e-06
2024-01-05,9.641242574720913e-06
2024-01-08,7.061991904689477e-06
2024-01-09,9.09521446661675e-06
2024-01-10,6.711509912302126e-06
2024-01-11,6.916573904070564e-06
2024-01-12,5.813724329123934e-06
2024-01-15,8.11828596785971e-06
2024-01-16,6.948536763699354e-06
2024-01-17,8.548760637684617e-06
2024-01-18,1.1189658632138692e-05
2024-01-19,7.972756322220033e-06
2024-01-22,6.100465768765562e-06
